state,year,Yearly Unemployment Rate
alabama,1976,6.766666666666667
alabama,1977,7.316666666666666
alabama,1978,6.316666666666666
alabama,1979,7.175
alabama,1980,8.883333333333333
alabama,1981,10.533333333333333
alabama,1982,14.083333333333334
alabama,1983,13.833333333333334
alabama,1984,11.0
alabama,1985,9.141666666666667
alabama,1986,9.708333333333334
alabama,1987,8.058333333333334
alabama,1988,7.191666666666666
alabama,1989,7.041666666666667
alabama,1990,6.791666666666667
alabama,1991,7.3500000000000005
alabama,1992,7.566666666666666
alabama,1993,7.366666666666667
alabama,1994,6.191666666666666
alabama,1995,5.95
alabama,1996,5.2250000000000005
alabama,1997,4.975
alabama,1998,4.391666666666667
alabama,1999,4.733333333333333
alabama,2000,4.575
alabama,2001,5.1000000000000005
alabama,2002,5.8999999999999995
alabama,2003,6.0249999999999995
alabama,2004,5.7
alabama,2005,4.5
alabama,2006,4.066666666666666
alabama,2007,3.9749999999999996
alabama,2008,5.716666666666666
alabama,2009,10.991666666666667
alabama,2010,10.541666666666666
alabama,2011,9.616666666666667
alabama,2012,7.983333333333333
alabama,2013,7.216666666666666
alabama,2014,6.766666666666667
alabama,2015,6.091666666666666
alabama,2016,5.858333333333333
alabama,2017,4.408333333333333
alabama,2018,3.9416666666666664
alaska,1976,7.516666666666667
alaska,1977,9.866666666666667
alaska,1978,10.616666666666667
alaska,1979,9.275
alaska,1980,9.65
alaska,1981,9.383333333333333
alaska,1982,9.958333333333334
alaska,1983,9.933333333333334
alaska,1984,9.85
alaska,1985,9.691666666666666
alaska,1986,10.933333333333332
alaska,1987,10.266666666666667
alaska,1988,8.783333333333333
alaska,1989,7.008333333333333
alaska,1990,7.233333333333333
alaska,1991,8.458333333333334
alaska,1992,8.916666666666666
alaska,1993,7.708333333333333
alaska,1994,7.566666666666666
alaska,1995,7.316666666666666
alaska,1996,7.583333333333333
alaska,1997,7.141666666666667
alaska,1998,6.358333333333333
alaska,1999,6.466666666666666
alaska,2000,6.358333333333333
alaska,2001,6.416666666666667
alaska,2002,7.3
alaska,2003,7.816666666666666
alaska,2004,7.45
alaska,2005,6.883333333333333
alaska,2006,6.625
alaska,2007,6.3500000000000005
alaska,2008,6.708333333333333
alaska,2009,7.733333333333333
alaska,2010,7.875
alaska,2011,7.566666666666666
alaska,2012,7.133333333333333
alaska,2013,7.0
alaska,2014,6.866666666666667
alaska,2015,6.533333333333334
alaska,2016,6.908333333333334
alaska,2017,7.141666666666667
alaska,2018,6.883333333333333
arizona,1976,9.683333333333334
arizona,1977,8.216666666666667
arizona,1978,6.033333333333334
arizona,1979,5.091666666666667
arizona,1980,6.6499999999999995
arizona,1981,6.2250000000000005
arizona,1982,10.091666666666667
arizona,1983,8.825
arizona,1984,5.175
arizona,1985,6.333333333333333
arizona,1986,6.925
arizona,1987,6.45
arizona,1988,6.366666666666667
arizona,1989,5.358333333333333
arizona,1990,5.258333333333334
arizona,1991,5.966666666666666
arizona,1992,7.541666666666667
arizona,1993,6.408333333333332
arizona,1994,6.1499999999999995
arizona,1995,5.358333333333333
arizona,1996,5.566666666666666
arizona,1997,4.583333333333333
arizona,1998,4.325
arizona,1999,4.441666666666666
arizona,2000,3.9749999999999996
arizona,2001,4.7749999999999995
arizona,2002,6.1000000000000005
arizona,2003,5.766666666666667
arizona,2004,5.041666666666667
arizona,2005,4.666666666666667
arizona,2006,4.2250000000000005
arizona,2007,3.8249999999999997
arizona,2008,6.141666666666667
arizona,2009,9.924999999999999
arizona,2010,10.35
arizona,2011,9.5
arizona,2012,8.333333333333334
arizona,2013,7.741666666666667
arizona,2014,6.783333333333334
arizona,2015,6.041666666666667
arizona,2016,5.375
arizona,2017,4.858333333333333
arizona,2018,4.733333333333333
arkansas,1976,6.9750000000000005
arkansas,1977,6.45
arkansas,1978,6.191666666666666
arkansas,1979,6.208333333333333
arkansas,1980,7.558333333333333
arkansas,1981,8.758333333333333
arkansas,1982,9.9
arkansas,1983,9.825000000000001
arkansas,1984,8.733333333333333
arkansas,1985,8.683333333333332
arkansas,1986,8.558333333333334
arkansas,1987,8.108333333333333
arkansas,1988,7.6000000000000005
arkansas,1989,6.9750000000000005
arkansas,1990,6.908333333333334
arkansas,1991,7.425000000000001
arkansas,1992,7.091666666666666
arkansas,1993,6.141666666666667
arkansas,1994,5.375
arkansas,1995,4.8500000000000005
arkansas,1996,5.25
arkansas,1997,5.233333333333333
arkansas,1998,5.175
arkansas,1999,4.6
arkansas,2000,4.2749999999999995
arkansas,2001,4.95
arkansas,2002,5.4750000000000005
arkansas,2003,5.933333333333334
arkansas,2004,5.7
arkansas,2005,5.2250000000000005
arkansas,2006,5.175
arkansas,2007,5.3
arkansas,2008,5.5
arkansas,2009,7.825
arkansas,2010,8.191666666666666
arkansas,2011,8.291666666666666
arkansas,2012,7.574999999999999
arkansas,2013,7.216666666666666
arkansas,2014,6.0249999999999995
arkansas,2015,5.0249999999999995
arkansas,2016,3.9499999999999997
arkansas,2017,3.6666666666666665
arkansas,2018,3.6833333333333336
california,1976,9.108333333333333
california,1977,8.333333333333334
california,1978,7.158333333333334
california,1979,6.241666666666667
california,1980,6.8500000000000005
california,1981,7.383333333333333
california,1982,9.958333333333334
california,1983,9.808333333333334
california,1984,7.758333333333333
california,1985,7.175
california,1986,6.75
california,1987,5.808333333333334
california,1988,5.291666666666667
california,1989,5.125
california,1990,5.783333333333334
california,1991,7.716666666666666
california,1992,9.299999999999999
california,1993,9.483333333333333
california,1994,8.591666666666667
california,1995,7.858333333333333
california,1996,7.258333333333333
california,1997,6.358333333333333
california,1998,5.95
california,1999,5.233333333333333
california,2000,4.958333333333333
california,2001,5.433333333333334
california,2002,6.6499999999999995
california,2003,6.8
california,2004,6.208333333333333
california,2005,5.3999999999999995
california,2006,4.916666666666667
california,2007,5.375
california,2008,7.291666666666667
california,2009,11.141666666666666
california,2010,12.225
california,2011,11.708333333333334
california,2012,10.375
california,2013,8.941666666666666
california,2014,7.5
california,2015,6.2
california,2016,5.483333333333333
california,2017,4.7749999999999995
california,2018,4.208333333333333
colorado,1976,5.808333333333334
colorado,1977,6.366666666666667
colorado,1978,5.516666666666667
colorado,1979,4.741666666666666
colorado,1980,5.808333333333334
colorado,1981,5.733333333333333
colorado,1982,7.333333333333333
colorado,1983,7.108333333333333
colorado,1984,5.441666666666666
colorado,1985,6.075
colorado,1986,7.508333333333333
colorado,1987,7.533333333333334
colorado,1988,6.5
colorado,1989,5.633333333333333
colorado,1990,5.233333333333333
colorado,1991,5.258333333333334
colorado,1992,6.0
colorado,1993,5.325
colorado,1994,4.233333333333333
colorado,1995,4.008333333333334
colorado,1996,4.241666666666666
colorado,1997,3.4499999999999997
colorado,1998,3.6
colorado,1999,3.0749999999999997
colorado,2000,2.7583333333333333
colorado,2001,3.8166666666666664
colorado,2002,5.5249999999999995
colorado,2003,5.95
colorado,2004,5.4750000000000005
colorado,2005,5.0249999999999995
colorado,2006,4.308333333333334
colorado,2007,3.725
colorado,2008,4.8500000000000005
colorado,2009,7.3
colorado,2010,8.725
colorado,2011,8.358333333333333
colorado,2012,7.891666666666667
colorado,2013,6.8500000000000005
colorado,2014,5.0
colorado,2015,3.875
colorado,2016,3.275
colorado,2017,2.8083333333333336
colorado,2018,3.016666666666667
connecticut,1976,9.275
connecticut,1977,6.991666666666667
connecticut,1978,5.2250000000000005
connecticut,1979,5.1499999999999995
connecticut,1980,5.808333333333334
connecticut,1981,6.166666666666667
connecticut,1982,6.866666666666667
connecticut,1983,6.008333333333333
connecticut,1984,4.666666666666667
connecticut,1985,4.716666666666667
connecticut,1986,3.841666666666667
connecticut,1987,3.35
connecticut,1988,2.966666666666667
connecticut,1989,3.75
connecticut,1990,5.125
connecticut,1991,6.533333333333334
connecticut,1992,7.541666666666667
connecticut,1993,6.625
connecticut,1994,5.616666666666666
connecticut,1995,5.491666666666666
connecticut,1996,5.5
connecticut,1997,5.0
connecticut,1998,3.4416666666666664
connecticut,1999,2.875
connecticut,2000,2.408333333333333
connecticut,2001,3.1166666666666667
connecticut,2002,4.308333333333334
connecticut,2003,5.408333333333334
connecticut,2004,4.958333333333333
connecticut,2005,4.875
connecticut,2006,4.333333333333333
connecticut,2007,4.4750000000000005
connecticut,2008,5.666666666666667
connecticut,2009,7.925
connecticut,2010,9.133333333333333
connecticut,2011,8.825000000000001
connecticut,2012,8.35
connecticut,2013,7.808333333333334
connecticut,2014,6.616666666666667
connecticut,2015,5.733333333333333
connecticut,2016,5.166666666666667
connecticut,2017,4.666666666666667
connecticut,2018,4.3500000000000005
delaware,1976,8.816666666666666
delaware,1977,8.458333333333334
delaware,1978,7.408333333333334
delaware,1979,7.2
delaware,1980,7.608333333333333
delaware,1981,7.8500000000000005
delaware,1982,8.366666666666665
delaware,1983,7.741666666666667
delaware,1984,6.308333333333334
delaware,1985,5.141666666666667
delaware,1986,4.333333333333333
delaware,1987,3.1
delaware,1988,3.1333333333333333
delaware,1989,3.4916666666666667
delaware,1990,4.708333333333333
delaware,1991,6.208333333333333
delaware,1992,5.416666666666667
delaware,1993,5.058333333333334
delaware,1994,4.783333333333333
delaware,1995,4.325
delaware,1996,5.091666666666667
delaware,1997,4.008333333333334
delaware,1998,3.7083333333333335
delaware,1999,3.408333333333333
delaware,2000,3.7583333333333333
delaware,2001,3.4916666666666667
delaware,2002,4.016666666666667
delaware,2003,4.241666666666666
delaware,2004,3.9916666666666667
delaware,2005,4.141666666666667
delaware,2006,3.591666666666667
delaware,2007,3.4416666666666664
delaware,2008,4.966666666666667
delaware,2009,8.258333333333333
delaware,2010,8.416666666666666
delaware,2011,7.5
delaware,2012,7.208333333333333
delaware,2013,6.691666666666666
delaware,2014,5.716666666666666
delaware,2015,4.8500000000000005
delaware,2016,4.5249999999999995
delaware,2017,4.566666666666666
delaware,2018,4.041666666666667
district of columbia,1976,8.950000000000001
district of columbia,1977,9.183333333333334
district of columbia,1978,8.275
district of columbia,1979,7.0249999999999995
district of columbia,1980,7.366666666666667
district of columbia,1981,8.941666666666666
district of columbia,1982,10.441666666666666
district of columbia,1983,11.216666666666667
district of columbia,1984,9.174999999999999
district of columbia,1985,8.133333333333333
district of columbia,1986,7.533333333333334
district of columbia,1987,6.341666666666666
district of columbia,1988,5.033333333333333
district of columbia,1989,4.908333333333333
district of columbia,1990,6.266666666666667
district of columbia,1991,7.758333333333333
district of columbia,1992,8.608333333333333
district of columbia,1993,8.533333333333333
district of columbia,1994,7.966666666666666
district of columbia,1995,8.75
district of columbia,1996,8.416666666666666
district of columbia,1997,8.008333333333333
district of columbia,1998,8.408333333333333
district of columbia,1999,6.366666666666667
district of columbia,2000,5.6000000000000005
district of columbia,2001,6.358333333333333
district of columbia,2002,6.3999999999999995
district of columbia,2003,6.833333333333333
district of columbia,2004,7.783333333333332
district of columbia,2005,6.383333333333333
district of columbia,2006,5.791666666666667
district of columbia,2007,5.533333333333334
district of columbia,2008,6.441666666666666
district of columbia,2009,9.275
district of columbia,2010,9.408333333333333
district of columbia,2011,10.158333333333333
district of columbia,2012,9.041666666666666
district of columbia,2013,8.491666666666665
district of columbia,2014,7.766666666666667
district of columbia,2015,6.875
district of columbia,2016,6.108333333333333
district of columbia,2017,6.066666666666666
district of columbia,2018,5.625
florida,1976,9.108333333333333
florida,1977,8.174999999999999
florida,1978,6.708333333333333
florida,1979,5.95
florida,1980,6.091666666666668
florida,1981,6.6499999999999995
florida,1982,8.441666666666666
florida,1983,8.516666666666667
florida,1984,6.383333333333333
florida,1985,5.9750000000000005
florida,1986,5.8
florida,1987,5.308333333333334
florida,1988,5.125
florida,1989,5.566666666666666
florida,1990,6.125
florida,1991,7.541666666666667
florida,1992,8.233333333333333
florida,1993,7.125
florida,1994,6.425
florida,1995,5.516666666666667
florida,1996,5.166666666666667
florida,1997,4.791666666666667
florida,1998,4.316666666666666
florida,1999,3.875
florida,2000,3.716666666666667
florida,2001,4.633333333333334
florida,2002,5.641666666666667
florida,2003,5.2250000000000005
florida,2004,4.608333333333333
florida,2005,3.6833333333333336
florida,2006,3.2416666666666667
florida,2007,4.008333333333334
florida,2008,6.3
florida,2009,10.391666666666667
florida,2010,11.033333333333333
florida,2011,9.991666666666667
florida,2012,8.483333333333333
florida,2013,7.233333333333333
florida,2014,6.266666666666667
florida,2015,5.441666666666666
florida,2016,4.825
florida,2017,4.1499999999999995
florida,2018,3.6750000000000003
georgia,1976,8.158333333333333
georgia,1977,6.908333333333334
georgia,1978,5.733333333333333
georgia,1979,5.125
georgia,1980,6.3500000000000005
georgia,1981,6.366666666666667
georgia,1982,7.766666666666667
georgia,1983,7.75
georgia,1984,6.116666666666667
georgia,1985,6.408333333333334
georgia,1986,5.9750000000000005
georgia,1987,5.675
georgia,1988,5.7
georgia,1989,5.5
georgia,1990,5.466666666666666
georgia,1991,5.208333333333333
georgia,1992,6.891666666666667
georgia,1993,6.05
georgia,1994,5.208333333333333
georgia,1995,4.825
georgia,1996,4.683333333333333
georgia,1997,4.583333333333333
georgia,1998,4.283333333333333
georgia,1999,3.9166666666666665
georgia,2000,3.5833333333333335
georgia,2001,4.033333333333333
georgia,2002,5.0
georgia,2003,4.825
georgia,2004,4.758333333333334
georgia,2005,5.325
georgia,2006,4.7250000000000005
georgia,2007,4.541666666666667
georgia,2008,6.266666666666667
georgia,2009,9.933333333333334
georgia,2010,10.491666666666667
georgia,2011,10.233333333333334
georgia,2012,9.191666666666666
georgia,2013,8.200000000000001
georgia,2014,7.1000000000000005
georgia,2015,5.958333333333333
georgia,2016,5.366666666666667
georgia,2017,4.75
georgia,2018,4.0
hawaii,1976,9.391666666666667
hawaii,1977,7.825
hawaii,1978,7.108333333333333
hawaii,1979,6.083333333333333
hawaii,1980,5.058333333333334
hawaii,1981,5.425
hawaii,1982,6.316666666666666
hawaii,1983,6.166666666666667
hawaii,1984,5.675
hawaii,1985,5.391666666666667
hawaii,1986,4.7749999999999995
hawaii,1987,3.8166666666666664
hawaii,1988,3.1750000000000003
hawaii,1989,2.533333333333333
hawaii,1990,2.6833333333333336
hawaii,1991,2.875
hawaii,1992,4.333333333333333
hawaii,1993,4.508333333333334
hawaii,1994,5.508333333333333
hawaii,1995,5.875
hawaii,1996,6.258333333333333
hawaii,1997,6.233333333333333
hawaii,1998,6.091666666666666
hawaii,1999,5.3999999999999995
hawaii,2000,4.258333333333334
hawaii,2001,4.458333333333333
hawaii,2002,4.241666666666666
hawaii,2003,4.125
hawaii,2004,3.391666666666667
hawaii,2005,2.858333333333333
hawaii,2006,2.6416666666666666
hawaii,2007,2.775
hawaii,2008,4.325
hawaii,2009,7.125
hawaii,2010,6.95
hawaii,2011,6.8
hawaii,2012,6.008333333333333
hawaii,2013,4.883333333333334
hawaii,2014,4.3500000000000005
hawaii,2015,3.5666666666666664
hawaii,2016,2.9499999999999997
hawaii,2017,2.3583333333333334
hawaii,2018,2.1666666666666665
idaho,1976,5.575
idaho,1977,5.766666666666667
idaho,1978,5.458333333333333
idaho,1979,5.808333333333334
idaho,1980,7.5249999999999995
idaho,1981,7.7749999999999995
idaho,1982,9.908333333333333
idaho,1983,8.941666666666666
idaho,1984,7.325
idaho,1985,7.866666666666667
idaho,1986,8.433333333333334
idaho,1987,7.608333333333333
idaho,1988,6.041666666666667
idaho,1989,5.283333333333333
idaho,1990,5.541666666666667
idaho,1991,6.191666666666666
idaho,1992,6.358333333333333
idaho,1993,5.9750000000000005
idaho,1994,5.408333333333334
idaho,1995,5.416666666666667
idaho,1996,5.3
idaho,1997,5.141666666666667
idaho,1998,5.108333333333333
idaho,1999,4.8999999999999995
idaho,2000,4.7
idaho,2001,5.091666666666667
idaho,2002,5.533333333333334
idaho,2003,5.6000000000000005
idaho,2004,4.933333333333334
idaho,2005,4.033333333333333
idaho,2006,3.475
idaho,2007,3.0416666666666665
idaho,2008,5.141666666666667
idaho,2009,8.733333333333333
idaho,2010,8.966666666666667
idaho,2011,8.316666666666666
idaho,2012,7.2
idaho,2013,6.116666666666667
idaho,2014,4.866666666666666
idaho,2015,4.2250000000000005
idaho,2016,3.766666666666667
idaho,2017,3.1750000000000003
idaho,2018,2.8249999999999997
illinois,1976,6.575
illinois,1977,6.233333333333333
illinois,1978,5.958333333333333
illinois,1979,5.541666666666667
illinois,1980,8.166666666666666
illinois,1981,8.533333333333333
illinois,1982,11.358333333333334
illinois,1983,11.816666666666668
illinois,1984,9.033333333333333
illinois,1985,9.049999999999999
illinois,1986,8.291666666666666
illinois,1987,7.433333333333334
illinois,1988,6.658333333333334
illinois,1989,6.016666666666667
illinois,1990,6.191666666666666
illinois,1991,7.266666666666667
illinois,1992,7.916666666666667
illinois,1993,7.458333333333333
illinois,1994,5.75
illinois,1995,5.1499999999999995
illinois,1996,5.2749999999999995
illinois,1997,4.766666666666667
illinois,1998,4.425
illinois,1999,4.366666666666666
illinois,2000,4.333333333333333
illinois,2001,5.325
illinois,2002,6.533333333333332
illinois,2003,6.758333333333333
illinois,2004,6.191666666666666
illinois,2005,5.683333333333334
illinois,2006,4.566666666666666
illinois,2007,4.958333333333333
illinois,2008,6.308333333333334
illinois,2009,10.200000000000001
illinois,2010,10.366666666666667
illinois,2011,9.691666666666666
illinois,2012,8.991666666666667
illinois,2013,9.041666666666666
illinois,2014,7.1000000000000005
illinois,2015,5.966666666666666
illinois,2016,5.816666666666666
illinois,2017,4.9750000000000005
illinois,2018,4.3500000000000005
indiana,1976,6.016666666666667
indiana,1977,5.783333333333334
indiana,1978,5.583333333333333
indiana,1979,6.483333333333333
indiana,1980,9.674999999999999
indiana,1981,9.866666666666667
indiana,1982,11.966666666666667
indiana,1983,11.200000000000001
indiana,1984,8.541666666666666
indiana,1985,7.8
indiana,1986,6.875
indiana,1987,6.2250000000000005
indiana,1988,5.233333333333333
indiana,1989,4.841666666666667
indiana,1990,5.3
indiana,1991,5.966666666666666
indiana,1992,6.558333333333334
indiana,1993,5.3999999999999995
indiana,1994,4.8500000000000005
indiana,1995,4.608333333333333
indiana,1996,4.058333333333334
indiana,1997,3.4916666666666667
indiana,1998,3.0833333333333335
indiana,1999,3.0416666666666665
indiana,2000,3.141666666666667
indiana,2001,4.233333333333333
indiana,2002,5.191666666666666
indiana,2003,5.3
indiana,2004,5.358333333333333
indiana,2005,5.466666666666666
indiana,2006,5.083333333333333
indiana,2007,4.558333333333334
indiana,2008,5.916666666666667
indiana,2009,10.291666666666666
indiana,2010,10.341666666666667
indiana,2011,9.108333333333333
indiana,2012,8.35
indiana,2013,7.633333333333333
indiana,2014,5.958333333333333
indiana,2015,4.841666666666667
indiana,2016,4.425
indiana,2017,3.5500000000000003
indiana,2018,3.375
iowa,1976,3.983333333333333
iowa,1977,3.8833333333333333
iowa,1978,3.85
iowa,1979,4.216666666666666
iowa,1980,6.041666666666667
iowa,1981,6.575
iowa,1982,8.508333333333333
iowa,1983,8.125
iowa,1984,6.983333333333333
iowa,1985,7.45
iowa,1986,6.75
iowa,1987,5.483333333333333
iowa,1988,4.5
iowa,1989,4.191666666666666
iowa,1990,4.416666666666667
iowa,1991,4.658333333333333
iowa,1992,4.466666666666667
iowa,1993,4.058333333333334
iowa,1994,3.5
iowa,1995,3.4583333333333335
iowa,1996,3.525
iowa,1997,3.108333333333333
iowa,1998,2.7416666666666667
iowa,1999,2.591666666666667
iowa,2000,2.625
iowa,2001,3.3249999999999997
iowa,2002,4.008333333333334
iowa,2003,4.491666666666666
iowa,2004,4.491666666666666
iowa,2005,4.25
iowa,2006,3.6999999999999997
iowa,2007,3.7000000000000006
iowa,2008,4.233333333333333
iowa,2009,6.391666666666667
iowa,2010,6.008333333333333
iowa,2011,5.5249999999999995
iowa,2012,5.033333333333333
iowa,2013,4.733333333333333
iowa,2014,4.241666666666666
iowa,2015,3.775
iowa,2016,3.608333333333334
iowa,2017,3.1333333333333333
iowa,2018,2.6333333333333333
kansas,1976,4.208333333333333
kansas,1977,3.9166666666666665
kansas,1978,3.1166666666666667
kansas,1979,3.233333333333333
kansas,1980,4.433333333333333
kansas,1981,4.308333333333334
kansas,1982,6.266666666666667
kansas,1983,5.858333333333333
kansas,1984,4.925
kansas,1985,5.075
kansas,1986,5.3500000000000005
kansas,1987,4.825
kansas,1988,4.5249999999999995
kansas,1989,4.175
kansas,1990,4.316666666666666
kansas,1991,4.408333333333333
kansas,1992,4.491666666666666
kansas,1993,4.966666666666667
kansas,1994,4.891666666666667
kansas,1995,4.416666666666667
kansas,1996,4.241666666666666
kansas,1997,3.7583333333333333
kansas,1998,3.525
kansas,1999,3.266666666666667
kansas,2000,3.608333333333333
kansas,2001,4.208333333333333
kansas,2002,5.058333333333333
kansas,2003,5.508333333333333
kansas,2004,5.45
kansas,2005,5.008333333333334
kansas,2006,4.391666666666667
kansas,2007,4.241666666666666
kansas,2008,4.625
kansas,2009,6.866666666666667
kansas,2010,7.058333333333334
kansas,2011,6.491666666666667
kansas,2012,5.733333333333333
kansas,2013,5.308333333333334
kansas,2014,4.533333333333333
kansas,2015,4.1499999999999995
kansas,2016,4.033333333333333
kansas,2017,3.625
kansas,2018,3.358333333333333
kentucky,1976,5.383333333333333
kentucky,1977,4.866666666666666
kentucky,1978,5.108333333333333
kentucky,1979,5.541666666666667
kentucky,1980,7.941666666666666
kentucky,1981,8.591666666666667
kentucky,1982,10.816666666666668
kentucky,1983,11.416666666666666
kentucky,1984,9.291666666666666
kentucky,1985,9.200000000000001
kentucky,1986,9.383333333333333
kentucky,1987,8.466666666666667
kentucky,1988,7.6000000000000005
kentucky,1989,6.358333333333333
kentucky,1990,5.983333333333333
kentucky,1991,7.291666666666667
kentucky,1992,6.858333333333333
kentucky,1993,6.258333333333333
kentucky,1994,5.375
kentucky,1995,5.408333333333334
kentucky,1996,5.45
kentucky,1997,5.341666666666666
kentucky,1998,4.6
kentucky,1999,4.5
kentucky,2000,4.166666666666667
kentucky,2001,5.158333333333333
kentucky,2002,5.683333333333334
kentucky,2003,6.133333333333333
kentucky,2004,5.408333333333334
kentucky,2005,5.866666666666667
kentucky,2006,5.733333333333333
kentucky,2007,5.375
kentucky,2008,6.466666666666666
kentucky,2009,10.333333333333334
kentucky,2010,10.166666666666666
kentucky,2011,9.375
kentucky,2012,8.166666666666666
kentucky,2013,8.016666666666667
kentucky,2014,6.458333333333333
kentucky,2015,5.291666666666667
kentucky,2016,5.1499999999999995
kentucky,2017,4.925
kentucky,2018,4.2749999999999995
louisiana,1976,6.716666666666666
louisiana,1977,7.066666666666666
louisiana,1978,6.791666666666667
louisiana,1979,6.6000000000000005
louisiana,1980,6.8500000000000005
louisiana,1981,8.383333333333333
louisiana,1982,10.275
louisiana,1983,11.516666666666666
louisiana,1984,10.066666666666666
louisiana,1985,11.549999999999999
louisiana,1986,12.733333333333334
louisiana,1987,12.116666666666667
louisiana,1988,10.85
louisiana,1989,7.941666666666666
louisiana,1990,6.191666666666666
louisiana,1991,7.291666666666667
louisiana,1992,8.025
louisiana,1993,7.641666666666667
louisiana,1994,7.841666666666666
louisiana,1995,6.983333333333333
louisiana,1996,6.6000000000000005
louisiana,1997,6.0
louisiana,1998,5.691666666666666
louisiana,1999,5.075
louisiana,2000,5.3
louisiana,2001,5.741666666666667
louisiana,2002,6.158333333333334
louisiana,2003,6.425
louisiana,2004,5.916666666666667
louisiana,2005,7.125
louisiana,2006,4.425
louisiana,2007,4.241666666666666
louisiana,2008,4.925
louisiana,2009,6.825
louisiana,2010,7.95
louisiana,2011,7.833333333333333
louisiana,2012,7.091666666666666
louisiana,2013,6.675
louisiana,2014,6.383333333333333
louisiana,2015,6.333333333333333
louisiana,2016,6.058333333333334
louisiana,2017,5.1499999999999995
louisiana,2018,4.758333333333334
maine,1976,8.674999999999999
maine,1977,8.241666666666667
maine,1978,6.416666666666667
maine,1979,6.791666666666667
maine,1980,7.625
maine,1981,7.3500000000000005
maine,1982,8.375
maine,1983,8.283333333333333
maine,1984,6.233333333333333
maine,1985,5.4750000000000005
maine,1986,5.2749999999999995
maine,1987,4.375
maine,1988,3.641666666666667
maine,1989,4.05
maine,1990,5.341666666666666
maine,1991,7.566666666666666
maine,1992,7.2749999999999995
maine,1993,7.25
maine,1994,6.991666666666667
maine,1995,5.933333333333334
maine,1996,5.208333333333333
maine,1997,5.025
maine,1998,4.5
maine,1999,3.9416666666666664
maine,2000,3.358333333333333
maine,2001,3.8249999999999997
maine,2002,4.3500000000000005
maine,2003,4.958333333333333
maine,2004,4.641666666666667
maine,2005,4.875
maine,2006,4.566666666666666
maine,2007,4.683333333333334
maine,2008,5.516666666666667
maine,2009,8.083333333333334
maine,2010,8.125
maine,2011,7.891666666666667
maine,2012,7.466666666666666
maine,2013,6.6499999999999995
maine,2014,5.633333333333333
maine,2015,4.375
maine,2016,3.783333333333333
maine,2017,3.3166666666666664
maine,2018,3.0583333333333336
maryland,1976,6.6499999999999995
maryland,1977,6.25
maryland,1978,5.5249999999999995
maryland,1979,5.7749999999999995
maryland,1980,6.575
maryland,1981,7.258333333333333
maryland,1982,8.283333333333333
maryland,1983,6.991666666666667
maryland,1984,5.358333333333333
maryland,1985,4.6000000000000005
maryland,1986,4.55
maryland,1987,4.366666666666666
maryland,1988,4.241666666666666
maryland,1989,3.8166666666666664
maryland,1990,4.458333333333333
maryland,1991,6.108333333333333
maryland,1992,6.7749999999999995
maryland,1993,6.183333333333334
maryland,1994,5.258333333333334
maryland,1995,5.041666666666667
maryland,1996,5.033333333333333
maryland,1997,4.95
maryland,1998,4.391666666666667
maryland,1999,3.5583333333333336
maryland,2000,3.5833333333333335
maryland,2001,4.008333333333334
maryland,2002,4.433333333333334
maryland,2003,4.425
maryland,2004,4.241666666666666
maryland,2005,4.125
maryland,2006,3.8666666666666667
maryland,2007,3.4499999999999997
maryland,2008,4.25
maryland,2009,7.016666666666667
maryland,2010,7.6499999999999995
maryland,2011,7.25
maryland,2012,6.966666666666666
maryland,2013,6.566666666666666
maryland,2014,5.808333333333334
maryland,2015,5.075
maryland,2016,4.433333333333334
maryland,2017,4.125
maryland,2018,4.183333333333333
massachusetts,1976,9.566666666666666
massachusetts,1977,7.7749999999999995
massachusetts,1978,6.216666666666666
massachusetts,1979,5.491666666666667
massachusetts,1980,5.6499999999999995
massachusetts,1981,6.466666666666666
massachusetts,1982,7.708333333333333
massachusetts,1983,6.766666666666667
massachusetts,1984,4.7749999999999995
massachusetts,1985,3.966666666666667
massachusetts,1986,3.908333333333333
massachusetts,1987,3.2416666666666667
massachusetts,1988,3.2583333333333333
massachusetts,1989,4.141666666666667
massachusetts,1990,6.3
massachusetts,1991,8.616666666666667
massachusetts,1992,8.458333333333334
massachusetts,1993,6.991666666666667
massachusetts,1994,6.0249999999999995
massachusetts,1995,5.283333333333333
massachusetts,1996,4.441666666666666
massachusetts,1997,3.9166666666666665
massachusetts,1998,3.2916666666666665
massachusetts,1999,3.1750000000000003
massachusetts,2000,2.7083333333333335
massachusetts,2001,3.725
massachusetts,2002,5.258333333333334
massachusetts,2003,5.716666666666666
massachusetts,2004,5.141666666666667
massachusetts,2005,4.8500000000000005
massachusetts,2006,4.891666666666667
massachusetts,2007,4.6
massachusetts,2008,5.55
massachusetts,2009,8.1
massachusetts,2010,8.291666666666666
massachusetts,2011,7.241666666666667
massachusetts,2012,6.658333333333334
massachusetts,2013,6.716666666666666
massachusetts,2014,5.741666666666667
massachusetts,2015,4.791666666666667
massachusetts,2016,3.891666666666667
massachusetts,2017,3.716666666666667
massachusetts,2018,3.5
michigan,1976,9.4
michigan,1977,8.216666666666667
michigan,1978,6.958333333333333
michigan,1979,7.808333333333334
michigan,1980,12.35
michigan,1981,12.391666666666666
michigan,1982,15.333333333333334
michigan,1983,14.4
michigan,1984,11.200000000000001
michigan,1985,9.950000000000001
michigan,1986,8.825000000000001
michigan,1987,8.308333333333334
michigan,1988,7.483333333333333
michigan,1989,7.175
michigan,1990,7.633333333333333
michigan,1991,9.200000000000001
michigan,1992,8.975
michigan,1993,7.25
michigan,1994,6.008333333333333
michigan,1995,5.258333333333334
michigan,1996,4.891666666666667
michigan,1997,4.25
michigan,1998,3.9583333333333335
michigan,1999,3.6916666666666664
michigan,2000,3.65
michigan,2001,5.175
michigan,2002,6.2749999999999995
michigan,2003,7.175
michigan,2004,7.016666666666667
michigan,2005,6.783333333333334
michigan,2006,7.008333333333333
michigan,2007,7.0
michigan,2008,8.041666666666666
michigan,2009,13.608333333333334
michigan,2010,12.575000000000001
michigan,2011,10.391666666666667
michigan,2012,9.125
michigan,2013,8.783333333333333
michigan,2014,7.233333333333333
michigan,2015,5.408333333333334
michigan,2016,4.991666666666666
michigan,2017,4.625
michigan,2018,4.341666666666667
minnesota,1976,5.808333333333334
minnesota,1977,5.258333333333334
minnesota,1978,3.8666666666666667
minnesota,1979,4.241666666666666
minnesota,1980,5.7749999999999995
minnesota,1981,5.766666666666667
minnesota,1982,7.916666666666667
minnesota,1983,8.008333333333333
minnesota,1984,6.283333333333334
minnesota,1985,5.991666666666667
minnesota,1986,5.533333333333334
minnesota,1987,5.091666666666667
minnesota,1988,4.283333333333333
minnesota,1989,4.341666666666667
minnesota,1990,4.7749999999999995
minnesota,1991,5.166666666666667
minnesota,1992,5.125
minnesota,1993,4.9750000000000005
minnesota,1994,4.058333333333333
minnesota,1995,3.725
minnesota,1996,3.9416666666666664
minnesota,1997,3.2583333333333333
minnesota,1998,2.6750000000000003
minnesota,1999,2.775
minnesota,2000,3.141666666666667
minnesota,2001,3.775
minnesota,2002,4.491666666666666
minnesota,2003,4.883333333333334
minnesota,2004,4.675
minnesota,2005,4.066666666666666
minnesota,2006,3.9916666666666667
minnesota,2007,4.55
minnesota,2008,5.441666666666666
minnesota,2009,7.766666666666667
minnesota,2010,7.391666666666667
minnesota,2011,6.491666666666667
minnesota,2012,5.608333333333333
minnesota,2013,4.958333333333333
minnesota,2014,4.166666666666667
minnesota,2015,3.6750000000000003
minnesota,2016,3.858333333333333
minnesota,2017,3.4583333333333335
minnesota,2018,3.016666666666667
mississippi,1976,6.508333333333333
mississippi,1977,7.316666666666666
mississippi,1978,6.925
mississippi,1979,5.766666666666667
mississippi,1980,7.425
mississippi,1981,8.533333333333333
mississippi,1982,11.058333333333332
mississippi,1983,12.041666666666666
mississippi,1984,10.533333333333333
mississippi,1985,10.358333333333334
mississippi,1986,11.408333333333333
mississippi,1987,9.966666666666667
mississippi,1988,8.416666666666666
mississippi,1989,7.8500000000000005
mississippi,1990,7.591666666666666
mississippi,1991,8.541666666666666
mississippi,1992,8.041666666666666
mississippi,1993,6.625
mississippi,1994,6.266666666666667
mississippi,1995,6.216666666666666
mississippi,1996,6.0249999999999995
mississippi,1997,5.708333333333333
mississippi,1998,5.266666666666667
mississippi,1999,5.116666666666666
mississippi,2000,5.358333333333333
mississippi,2001,5.533333333333334
mississippi,2002,6.6000000000000005
mississippi,2003,6.3
mississippi,2004,6.158333333333334
mississippi,2005,7.5
mississippi,2006,6.558333333333334
mississippi,2007,6.091666666666666
mississippi,2008,6.6000000000000005
mississippi,2009,9.475
mississippi,2010,10.358333333333333
mississippi,2011,9.983333333333333
mississippi,2012,9.0
mississippi,2013,8.533333333333333
mississippi,2014,7.5
mississippi,2015,6.3999999999999995
mississippi,2016,5.841666666666666
mississippi,2017,5.108333333333333
mississippi,2018,4.675
missouri,1976,6.233333333333333
missouri,1977,6.05
missouri,1978,4.883333333333334
missouri,1979,4.841666666666667
missouri,1980,7.2250000000000005
missouri,1981,7.641666666666667
missouri,1982,9.216666666666667
missouri,1983,9.891666666666667
missouri,1984,7.166666666666667
missouri,1985,6.5249999999999995
missouri,1986,6.258333333333333
missouri,1987,6.2250000000000005
missouri,1988,5.7250000000000005
missouri,1989,5.541666666666667
missouri,1990,5.8500000000000005
missouri,1991,6.583333333333333
missouri,1992,6.191666666666666
missouri,1993,6.2250000000000005
missouri,1994,5.058333333333334
missouri,1995,4.7250000000000005
missouri,1996,4.758333333333334
missouri,1997,4.358333333333333
missouri,1998,4.116666666666666
missouri,1999,3.3083333333333336
missouri,2000,3.5833333333333335
missouri,2001,4.591666666666667
missouri,2002,5.375
missouri,2003,5.625
missouri,2004,5.858333333333333
missouri,2005,5.375
missouri,2006,4.866666666666666
missouri,2007,5.083333333333333
missouri,2008,6.175
missouri,2009,9.258333333333333
missouri,2010,9.575000000000001
missouri,2011,8.491666666666667
missouri,2012,6.9750000000000005
missouri,2013,6.733333333333333
missouri,2014,6.133333333333333
missouri,2015,4.991666666666666
missouri,2016,4.575
missouri,2017,3.7416666666666667
missouri,2018,3.4
montana,1976,5.941666666666666
montana,1977,6.3
montana,1978,5.733333333333333
montana,1979,5.175
montana,1980,6.116666666666667
montana,1981,6.833333333333333
montana,1982,8.516666666666667
montana,1983,8.616666666666667
montana,1984,7.608333333333333
montana,1985,7.641666666666667
montana,1986,7.925000000000001
montana,1987,7.45
montana,1988,6.658333333333334
montana,1989,5.783333333333334
montana,1990,5.9750000000000005
montana,1991,6.883333333333333
montana,1992,6.75
montana,1993,6.033333333333334
montana,1994,5.233333333333333
montana,1995,5.6499999999999995
montana,1996,5.325
montana,1997,5.3500000000000005
montana,1998,5.5249999999999995
montana,1999,5.25
montana,2000,4.95
montana,2001,4.541666666666667
montana,2002,4.3999999999999995
montana,2003,4.708333333333333
montana,2004,4.766666666666667
montana,2005,4.325
montana,2006,3.5083333333333333
montana,2007,3.5749999999999997
montana,2008,5.108333333333333
montana,2009,6.841666666666666
montana,2010,7.3
montana,2011,6.941666666666666
montana,2012,5.983333333333333
montana,2013,5.408333333333334
montana,2014,4.658333333333333
montana,2015,4.191666666666666
montana,2016,4.133333333333334
montana,2017,4.041666666666667
montana,2018,3.841666666666667
nebraska,1976,3.1916666666666664
nebraska,1977,3.4583333333333335
nebraska,1978,3.1166666666666667
nebraska,1979,3.0500000000000003
nebraska,1980,3.933333333333333
nebraska,1981,4.258333333333334
nebraska,1982,5.666666666666667
nebraska,1983,5.55
nebraska,1984,4.508333333333334
nebraska,1985,5.158333333333333
nebraska,1986,5.008333333333334
nebraska,1987,4.408333333333333
nebraska,1988,3.5666666666666664
nebraska,1989,2.9166666666666665
nebraska,1990,2.35
nebraska,1991,2.65
nebraska,1992,2.8666666666666667
nebraska,1993,2.7583333333333333
nebraska,1994,2.6333333333333333
nebraska,1995,2.641666666666667
nebraska,1996,2.7416666666666667
nebraska,1997,2.4916666666666667
nebraska,1998,2.5500000000000003
nebraska,1999,2.775
nebraska,2000,2.8333333333333335
nebraska,2001,3.1333333333333333
nebraska,2002,3.6500000000000004
nebraska,2003,3.9416666666666664
nebraska,2004,3.858333333333333
nebraska,2005,3.8000000000000003
nebraska,2006,3.1333333333333333
nebraska,2007,3.0
nebraska,2008,3.341666666666667
nebraska,2009,4.641666666666667
nebraska,2010,4.625
nebraska,2011,4.391666666666667
nebraska,2012,4.016666666666667
nebraska,2013,3.766666666666667
nebraska,2014,3.266666666666667
nebraska,2015,3.016666666666667
nebraska,2016,3.091666666666667
nebraska,2017,2.9333333333333336
nebraska,2018,2.8249999999999997
nevada,1976,8.766666666666667
nevada,1977,6.7250000000000005
nevada,1978,4.466666666666667
nevada,1979,4.941666666666666
nevada,1980,6.183333333333334
nevada,1981,7.175
nevada,1982,9.883333333333333
nevada,1983,9.566666666666666
nevada,1984,7.883333333333333
nevada,1985,7.7
nevada,1986,6.208333333333333
nevada,1987,6.058333333333334
nevada,1988,5.233333333333333
nevada,1989,4.7250000000000005
nevada,1990,4.7250000000000005
nevada,1991,5.841666666666666
nevada,1992,6.6499999999999995
nevada,1993,6.8500000000000005
nevada,1994,6.175
nevada,1995,5.558333333333334
nevada,1996,5.041666666666667
nevada,1997,4.391666666666667
nevada,1998,4.208333333333333
nevada,1999,4.0
nevada,2000,4.166666666666667
nevada,2001,5.2
nevada,2002,5.616666666666667
nevada,2003,5.075
nevada,2004,4.3
nevada,2005,4.091666666666666
nevada,2006,4.05
nevada,2007,4.491666666666666
nevada,2008,6.708333333333333
nevada,2009,11.299999999999999
nevada,2010,13.5
nevada,2011,13.016666666666666
nevada,2012,11.191666666666668
nevada,2013,9.625
nevada,2014,7.916666666666667
nevada,2015,6.7749999999999995
nevada,2016,5.733333333333333
nevada,2017,5.041666666666667
nevada,2018,4.658333333333334
new hampshire,1976,6.508333333333333
new hampshire,1977,5.433333333333334
new hampshire,1978,3.8166666666666664
new hampshire,1979,3.1999999999999997
new hampshire,1980,4.55
new hampshire,1981,5.166666666666667
new hampshire,1982,6.7749999999999995
new hampshire,1983,5.5
new hampshire,1984,4.3
new hampshire,1985,3.733333333333333
new hampshire,1986,2.7583333333333333
new hampshire,1987,2.3249999999999997
new hampshire,1988,2.4250000000000003
new hampshire,1989,3.4583333333333335
new hampshire,1990,5.666666666666667
new hampshire,1991,7.291666666666667
new hampshire,1992,7.291666666666667
new hampshire,1993,6.116666666666667
new hampshire,1994,4.7250000000000005
new hampshire,1995,3.9749999999999996
new hampshire,1996,3.8083333333333336
new hampshire,1997,3.3249999999999997
new hampshire,1998,2.8333333333333335
new hampshire,1999,2.7083333333333335
new hampshire,2000,2.6750000000000003
new hampshire,2001,3.4416666666666664
new hampshire,2002,4.466666666666667
new hampshire,2003,4.333333333333333
new hampshire,2004,3.775
new hampshire,2005,3.5749999999999997
new hampshire,2006,3.4416666666666664
new hampshire,2007,3.525
new hampshire,2008,3.8666666666666667
new hampshire,2009,6.2250000000000005
new hampshire,2010,5.833333333333333
new hampshire,2011,5.408333333333334
new hampshire,2012,5.483333333333333
new hampshire,2013,5.083333333333333
new hampshire,2014,4.2749999999999995
new hampshire,2015,3.3666666666666667
new hampshire,2016,2.858333333333333
new hampshire,2017,2.6833333333333336
new hampshire,2018,2.625
new jersey,1976,10.424999999999999
new jersey,1977,9.358333333333333
new jersey,1978,7.266666666666667
new jersey,1979,6.925
new jersey,1980,7.216666666666666
new jersey,1981,7.466666666666666
new jersey,1982,8.708333333333334
new jersey,1983,8.033333333333333
new jersey,1984,6.166666666666667
new jersey,1985,5.6000000000000005
new jersey,1986,5.016666666666667
new jersey,1987,4.108333333333333
new jersey,1988,3.808333333333333
new jersey,1989,4.083333333333333
new jersey,1990,5.05
new jersey,1991,6.716666666666666
new jersey,1992,8.366666666666667
new jersey,1993,7.625
new jersey,1994,6.816666666666666
new jersey,1995,6.408333333333334
new jersey,1996,6.141666666666667
new jersey,1997,5.2749999999999995
new jersey,1998,4.575
new jersey,1999,4.508333333333334
new jersey,2000,3.6999999999999997
new jersey,2001,4.2749999999999995
new jersey,2002,5.783333333333334
new jersey,2003,5.833333333333333
new jersey,2004,4.841666666666667
new jersey,2005,4.45
new jersey,2006,4.733333333333333
new jersey,2007,4.275
new jersey,2008,5.358333333333333
new jersey,2009,9.033333333333333
new jersey,2010,9.533333333333333
new jersey,2011,9.341666666666667
new jersey,2012,9.333333333333334
new jersey,2013,8.241666666666667
new jersey,2014,6.741666666666667
new jersey,2015,5.7749999999999995
new jersey,2016,4.983333333333333
new jersey,2017,4.616666666666666
new jersey,2018,4.316666666666666
new mexico,1976,8.891666666666667
new mexico,1977,7.608333333333333
new mexico,1978,5.941666666666666
new mexico,1979,6.375
new mexico,1980,7.575
new mexico,1981,7.3
new mexico,1982,9.241666666666667
new mexico,1983,9.65
new mexico,1984,7.825
new mexico,1985,8.333333333333334
new mexico,1986,9.308333333333334
new mexico,1987,8.708333333333334
new mexico,1988,7.483333333333333
new mexico,1989,6.708333333333333
new mexico,1990,6.566666666666666
new mexico,1991,7.158333333333334
new mexico,1992,7.158333333333334
new mexico,1993,6.966666666666666
new mexico,1994,6.466666666666668
new mexico,1995,6.583333333333333
new mexico,1996,7.216666666666666
new mexico,1997,6.325
new mexico,1998,6.066666666666666
new mexico,1999,5.558333333333334
new mexico,2000,4.925
new mexico,2001,4.925
new mexico,2002,5.541666666666667
new mexico,2003,5.841666666666666
new mexico,2004,5.516666666666667
new mexico,2005,5.083333333333333
new mexico,2006,4.175
new mexico,2007,3.7583333333333333
new mexico,2008,4.483333333333333
new mexico,2009,7.508333333333333
new mexico,2010,8.1
new mexico,2011,7.516666666666667
new mexico,2012,7.116666666666667
new mexico,2013,6.941666666666666
new mexico,2014,6.683333333333334
new mexico,2015,6.533333333333334
new mexico,2016,6.683333333333334
new mexico,2017,6.158333333333334
new mexico,2018,5.041666666666667
new york,1976,10.208333333333334
new york,1977,9.125
new york,1978,7.758333333333333
new york,1979,7.175
new york,1980,7.483333333333333
new york,1981,7.583333333333333
new york,1982,8.458333333333334
new york,1983,8.683333333333334
new york,1984,7.175
new york,1985,6.608333333333333
new york,1986,6.2250000000000005
new york,1987,4.875
new york,1988,4.283333333333333
new york,1989,4.9750000000000005
new york,1990,5.366666666666667
new york,1991,7.25
new york,1992,8.6
new york,1993,7.908333333333334
new york,1994,6.941666666666666
new york,1995,6.316666666666666
new york,1996,6.258333333333333
new york,1997,6.441666666666666
new york,1998,5.608333333333333
new york,1999,5.175
new york,2000,4.5249999999999995
new york,2001,4.833333333333333
new york,2002,6.141666666666667
new york,2003,6.391666666666667
new york,2004,5.808333333333334
new york,2005,5.0
new york,2006,4.558333333333334
new york,2007,4.55
new york,2008,5.458333333333333
new york,2009,8.316666666666666
new york,2010,8.591666666666667
new york,2011,8.299999999999999
new york,2012,8.516666666666666
new york,2013,7.708333333333333
new york,2014,6.333333333333333
new york,2015,5.258333333333334
new york,2016,4.8500000000000005
new york,2017,4.7
new york,2018,4.325
north carolina,1976,6.216666666666666
north carolina,1977,5.916666666666667
north carolina,1978,4.4750000000000005
north carolina,1979,4.766666666666667
north carolina,1980,6.416666666666667
north carolina,1981,6.4750000000000005
north carolina,1982,9.208333333333334
north carolina,1983,8.958333333333334
north carolina,1984,6.75
north carolina,1985,5.558333333333334
north carolina,1986,5.283333333333333
north carolina,1987,4.541666666666667
north carolina,1988,3.65
north carolina,1989,3.5416666666666665
north carolina,1990,4.108333333333333
north carolina,1991,5.808333333333334
north carolina,1992,6.041666666666667
north carolina,1993,5.0249999999999995
north carolina,1994,4.366666666666667
north carolina,1995,4.308333333333334
north carolina,1996,4.291666666666667
north carolina,1997,3.7583333333333333
north carolina,1998,3.4499999999999997
north carolina,1999,3.1916666666666664
north carolina,2000,3.6833333333333336
north carolina,2001,5.491666666666667
north carolina,2002,6.625
north carolina,2003,6.383333333333333
north carolina,2004,5.4750000000000005
north carolina,2005,5.241666666666666
north carolina,2006,4.758333333333334
north carolina,2007,4.716666666666667
north carolina,2008,6.133333333333333
north carolina,2009,10.575000000000001
north carolina,2010,10.816666666666668
north carolina,2011,10.266666666666667
north carolina,2012,9.291666666666666
north carolina,2013,7.958333333333333
north carolina,2014,6.316666666666666
north carolina,2015,5.716666666666666
north carolina,2016,5.091666666666667
north carolina,2017,4.55
north carolina,2018,4.083333333333333
north dakota,1976,3.6916666666666664
north dakota,1977,4.533333333333333
north dakota,1978,4.233333333333333
north dakota,1979,4.016666666666667
north dakota,1980,4.941666666666666
north dakota,1981,4.825
north dakota,1982,5.558333333333334
north dakota,1983,5.6499999999999995
north dakota,1984,5.283333333333333
north dakota,1985,5.675
north dakota,1986,5.841666666666666
north dakota,1987,4.991666666666667
north dakota,1988,4.683333333333334
north dakota,1989,4.291666666666667
north dakota,1990,4.0249999999999995
north dakota,1991,4.375
north dakota,1992,4.75
north dakota,1993,4.291666666666667
north dakota,1994,3.7083333333333335
north dakota,1995,3.233333333333333
north dakota,1996,2.9
north dakota,1997,2.733333333333333
north dakota,1998,2.891666666666667
north dakota,1999,3.2916666666666665
north dakota,2000,2.9583333333333335
north dakota,2001,2.933333333333333
north dakota,2002,3.7416666666666667
north dakota,2003,3.716666666666667
north dakota,2004,3.408333333333333
north dakota,2005,3.375
north dakota,2006,3.2083333333333335
north dakota,2007,3.1
north dakota,2008,3.1916666666666664
north dakota,2009,4.1000000000000005
north dakota,2010,3.783333333333333
north dakota,2011,3.466666666666667
north dakota,2012,3.0666666666666664
north dakota,2013,2.9166666666666665
north dakota,2014,2.6750000000000003
north dakota,2015,2.7916666666666665
north dakota,2016,3.0583333333333336
north dakota,2017,2.591666666666667
north dakota,2018,2.65
ohio,1976,7.766666666666667
ohio,1977,6.516666666666667
ohio,1978,5.466666666666666
ohio,1979,5.833333333333333
ohio,1980,8.4
ohio,1981,9.408333333333333
ohio,1982,12.691666666666668
ohio,1983,12.375
ohio,1984,9.466666666666667
ohio,1985,8.883333333333335
ohio,1986,8.308333333333334
ohio,1987,7.116666666666667
ohio,1988,6.008333333333333
ohio,1989,5.558333333333334
ohio,1990,5.666666666666667
ohio,1991,6.5
ohio,1992,7.358333333333333
ohio,1993,6.616666666666667
ohio,1994,5.566666666666666
ohio,1995,4.791666666666667
ohio,1996,4.991666666666666
ohio,1997,4.641666666666667
ohio,1998,4.308333333333334
ohio,1999,4.283333333333333
ohio,2000,4.0
ohio,2001,4.3
ohio,2002,5.75
ohio,2003,6.25
ohio,2004,6.258333333333333
ohio,2005,5.908333333333334
ohio,2006,5.425
ohio,2007,5.541666666666667
ohio,2008,6.4750000000000005
ohio,2009,10.291666666666666
ohio,2010,10.241666666666667
ohio,2011,8.85
ohio,2012,7.408333333333334
ohio,2013,7.425
ohio,2014,5.8
ohio,2015,4.908333333333333
ohio,2016,5.05
ohio,2017,5.041666666666667
ohio,2018,4.5249999999999995
oklahoma,1976,5.683333333333334
oklahoma,1977,4.95
oklahoma,1978,3.5749999999999997
oklahoma,1979,3.3666666666666667
oklahoma,1980,4.3999999999999995
oklahoma,1981,3.6333333333333333
oklahoma,1982,6.008333333333333
oklahoma,1983,8.366666666666667
oklahoma,1984,7.091666666666666
oklahoma,1985,7.175
oklahoma,1986,8.241666666666665
oklahoma,1987,7.266666666666667
oklahoma,1988,6.408333333333334
oklahoma,1989,5.666666666666667
oklahoma,1990,5.683333333333334
oklahoma,1991,6.308333333333334
oklahoma,1992,6.0
oklahoma,1993,5.95
oklahoma,1994,5.55
oklahoma,1995,4.591666666666666
oklahoma,1996,4.066666666666666
oklahoma,1997,4.066666666666666
oklahoma,1998,4.241666666666666
oklahoma,1999,3.516666666666667
oklahoma,2000,3.0416666666666665
oklahoma,2001,3.65
oklahoma,2002,4.666666666666667
oklahoma,2003,5.441666666666666
oklahoma,2004,4.858333333333333
oklahoma,2005,4.458333333333333
oklahoma,2006,4.0249999999999995
oklahoma,2007,4.075
oklahoma,2008,3.766666666666667
oklahoma,2009,6.383333333333333
oklahoma,2010,6.7749999999999995
oklahoma,2011,5.875
oklahoma,2012,5.266666666666667
oklahoma,2013,5.283333333333333
oklahoma,2014,4.508333333333334
oklahoma,2015,4.4
oklahoma,2016,4.816666666666667
oklahoma,2017,4.291666666666667
oklahoma,2018,3.75
oregon,1976,9.308333333333332
oregon,1977,7.433333333333334
oregon,1978,6.075
oregon,1979,6.683333333333334
oregon,1980,8.483333333333333
oregon,1981,9.758333333333333
oregon,1982,11.558333333333332
oregon,1983,10.791666666666666
oregon,1984,9.416666666666666
oregon,1985,8.858333333333333
oregon,1986,8.041666666666666
oregon,1987,6.241666666666667
oregon,1988,5.7749999999999995
oregon,1989,5.416666666666667
oregon,1990,5.5
oregon,1991,6.391666666666667
oregon,1992,7.375
oregon,1993,7.058333333333334
oregon,1994,5.441666666666666
oregon,1995,4.9
oregon,1996,5.7
oregon,1997,5.666666666666667
oregon,1998,5.733333333333333
oregon,1999,5.508333333333333
oregon,2000,5.108333333333333
oregon,2001,6.425
oregon,2002,7.508333333333333
oregon,2003,8.141666666666667
oregon,2004,7.283333333333334
oregon,2005,6.183333333333334
oregon,2006,5.333333333333333
oregon,2007,5.166666666666667
oregon,2008,6.566666666666666
oregon,2009,11.258333333333333
oregon,2010,10.608333333333333
oregon,2011,9.5
oregon,2012,8.825000000000001
oregon,2013,7.875
oregon,2014,6.7749999999999995
oregon,2015,5.583333333333333
oregon,2016,4.816666666666666
oregon,2017,4.141666666666667
oregon,2018,3.983333333333333
pennsylvania,1976,7.9750000000000005
pennsylvania,1977,7.666666666666667
pennsylvania,1978,6.925
pennsylvania,1979,6.866666666666667
pennsylvania,1980,8.041666666666666
pennsylvania,1981,8.383333333333333
pennsylvania,1982,11.141666666666666
pennsylvania,1983,11.516666666666666
pennsylvania,1984,9.083333333333334
pennsylvania,1985,8.008333333333333
pennsylvania,1986,6.891666666666667
pennsylvania,1987,5.666666666666667
pennsylvania,1988,5.05
pennsylvania,1989,4.691666666666666
pennsylvania,1990,5.466666666666666
pennsylvania,1991,7.058333333333334
pennsylvania,1992,7.591666666666666
pennsylvania,1993,7.0
pennsylvania,1994,6.25
pennsylvania,1995,5.858333333333333
pennsylvania,1996,5.441666666666666
pennsylvania,1997,5.116666666666666
pennsylvania,1998,4.608333333333333
pennsylvania,1999,4.4
pennsylvania,2000,4.125
pennsylvania,2001,4.8
pennsylvania,2002,5.608333333333333
pennsylvania,2003,5.666666666666667
pennsylvania,2004,5.425
pennsylvania,2005,4.966666666666667
pennsylvania,2006,4.591666666666667
pennsylvania,2007,4.391666666666667
pennsylvania,2008,5.316666666666666
pennsylvania,2009,8.049999999999999
pennsylvania,2010,8.433333333333334
pennsylvania,2011,7.925
pennsylvania,2012,7.825
pennsylvania,2013,7.341666666666666
pennsylvania,2014,5.875
pennsylvania,2015,5.3
pennsylvania,2016,5.3999999999999995
pennsylvania,2017,4.891666666666667
pennsylvania,2018,4.3999999999999995
rhode island,1976,8.208333333333334
rhode island,1977,8.025
rhode island,1978,6.566666666666666
rhode island,1979,6.391666666666667
rhode island,1980,7.216666666666666
rhode island,1981,7.7749999999999995
rhode island,1982,9.700000000000001
rhode island,1983,8.316666666666666
rhode island,1984,5.508333333333333
rhode island,1985,4.633333333333334
rhode island,1986,4.066666666666666
rhode island,1987,3.6333333333333333
rhode island,1988,3.108333333333333
rhode island,1989,4.116666666666666
rhode island,1990,6.375
rhode island,1991,8.566666666666666
rhode island,1992,8.883333333333333
rhode island,1993,7.766666666666667
rhode island,1994,6.916666666666667
rhode island,1995,6.316666666666666
rhode island,1996,5.45
rhode island,1997,5.141666666666667
rhode island,1998,4.608333333333333
rhode island,1999,4.141666666666667
rhode island,2000,4.075
rhode island,2001,4.558333333333334
rhode island,2002,4.983333333333333
rhode island,2003,5.333333333333333
rhode island,2004,5.158333333333333
rhode island,2005,5.041666666666667
rhode island,2006,4.941666666666666
rhode island,2007,5.191666666666666
rhode island,2008,7.808333333333334
rhode island,2009,10.975
rhode island,2010,11.200000000000001
rhode island,2011,11.025
rhode island,2012,10.391666666666667
rhode island,2013,9.266666666666667
rhode island,2014,7.708333333333333
rhode island,2015,6.0
rhode island,2016,5.208333333333333
rhode island,2017,4.458333333333333
rhode island,2018,4.191666666666666
south carolina,1976,7.175
south carolina,1977,6.841666666666666
south carolina,1978,5.741666666666667
south carolina,1979,5.016666666666667
south carolina,1980,6.766666666666667
south carolina,1981,8.091666666666667
south carolina,1982,11.116666666666667
south carolina,1983,9.85
south carolina,1984,6.916666666666667
south carolina,1985,6.925
south carolina,1986,6.441666666666666
south carolina,1987,5.516666666666667
south carolina,1988,4.675
south carolina,1989,4.6000000000000005
south carolina,1990,4.833333333333333
south carolina,1991,6.141666666666667
south carolina,1992,6.75
south carolina,1993,7.291666666666667
south carolina,1994,6.208333333333333
south carolina,1995,5.191666666666666
south carolina,1996,5.791666666666667
south carolina,1997,4.591666666666667
south carolina,1998,3.775
south carolina,1999,4.258333333333334
south carolina,2000,3.8000000000000003
south carolina,2001,5.208333333333333
south carolina,2002,5.858333333333333
south carolina,2003,6.8999999999999995
south carolina,2004,6.825
south carolina,2005,6.716666666666666
south carolina,2006,6.458333333333333
south carolina,2007,5.6499999999999995
south carolina,2008,6.8500000000000005
south carolina,2009,11.233333333333334
south carolina,2010,11.133333333333333
south carolina,2011,10.541666666666666
south carolina,2012,9.200000000000001
south carolina,2013,7.616666666666667
south carolina,2014,6.45
south carolina,2015,5.95
south carolina,2016,4.9750000000000005
south carolina,2017,4.258333333333334
south carolina,2018,3.775
south dakota,1976,3.216666666666667
south dakota,1977,3.2916666666666665
south dakota,1978,3.1
south dakota,1979,3.35
south dakota,1980,4.791666666666667
south dakota,1981,4.95
south dakota,1982,5.4750000000000005
south dakota,1983,5.2
south dakota,1984,4.391666666666667
south dakota,1985,4.825
south dakota,1986,4.583333333333333
south dakota,1987,4.208333333333333
south dakota,1988,4.066666666666666
south dakota,1989,4.008333333333334
south dakota,1990,3.783333333333333
south dakota,1991,3.4916666666666667
south dakota,1992,3.3166666666666664
south dakota,1993,3.341666666666667
south dakota,1994,3.275
south dakota,1995,3.0416666666666665
south dakota,1996,3.1500000000000004
south dakota,1997,2.9416666666666664
south dakota,1998,2.7916666666666665
south dakota,1999,2.725
south dakota,2000,2.4583333333333335
south dakota,2001,3.091666666666667
south dakota,2002,3.1916666666666664
south dakota,2003,3.533333333333333
south dakota,2004,3.716666666666667
south dakota,2005,3.8000000000000003
south dakota,2006,3.1166666666666667
south dakota,2007,2.8249999999999997
south dakota,2008,3.1
south dakota,2009,4.925
south dakota,2010,4.9750000000000005
south dakota,2011,4.7250000000000005
south dakota,2012,4.266666666666667
south dakota,2013,3.783333333333333
south dakota,2014,3.408333333333333
south dakota,2015,3.1166666666666667
south dakota,2016,3.0
south dakota,2017,3.3249999999999997
south dakota,2018,3.1750000000000003
tennessee,1976,6.05
tennessee,1977,6.233333333333333
tennessee,1978,5.825
tennessee,1979,5.858333333333333
tennessee,1980,7.458333333333333
tennessee,1981,8.933333333333334
tennessee,1982,11.716666666666667
tennessee,1983,11.549999999999999
tennessee,1984,8.566666666666666
tennessee,1985,7.933333333333334
tennessee,1986,7.891666666666667
tennessee,1987,6.608333333333333
tennessee,1988,5.816666666666666
tennessee,1989,5.075
tennessee,1990,5.383333333333333
tennessee,1991,6.783333333333334
tennessee,1992,6.491666666666667
tennessee,1993,5.825
tennessee,1994,4.833333333333333
tennessee,1995,5.166666666666667
tennessee,1996,5.141666666666667
tennessee,1997,5.266666666666667
tennessee,1998,4.3
tennessee,1999,3.9583333333333335
tennessee,2000,3.8666666666666667
tennessee,2001,4.575
tennessee,2002,5.175
tennessee,2003,5.625
tennessee,2004,5.358333333333333
tennessee,2005,5.558333333333334
tennessee,2006,5.2250000000000005
tennessee,2007,4.666666666666667
tennessee,2008,6.625
tennessee,2009,10.458333333333334
tennessee,2010,9.633333333333333
tennessee,2011,8.966666666666667
tennessee,2012,7.825
tennessee,2013,7.733333333333333
tennessee,2014,6.591666666666666
tennessee,2015,5.591666666666666
tennessee,2016,4.7250000000000005
tennessee,2017,3.716666666666667
tennessee,2018,3.5083333333333333
texas,1976,5.783333333333334
texas,1977,5.325
texas,1978,4.7749999999999995
texas,1979,4.358333333333333
texas,1980,5.141666666666667
texas,1981,5.3
texas,1982,6.8999999999999995
texas,1983,7.925
texas,1984,6.116666666666667
texas,1985,7.041666666666667
texas,1986,8.758333333333333
texas,1987,8.424999999999999
texas,1988,7.341666666666666
texas,1989,6.658333333333334
texas,1990,6.333333333333333
texas,1991,6.925
texas,1992,7.633333333333333
texas,1993,7.158333333333334
texas,1994,6.491666666666667
texas,1995,6.058333333333334
texas,1996,5.691666666666666
texas,1997,5.3
texas,1998,4.883333333333334
texas,1999,4.666666666666667
texas,2000,4.2749999999999995
texas,2001,4.958333333333333
texas,2002,6.366666666666667
texas,2003,6.691666666666666
texas,2004,5.941666666666666
texas,2005,5.408333333333334
texas,2006,4.891666666666667
texas,2007,4.2749999999999995
texas,2008,4.825
texas,2009,7.566666666666666
texas,2010,8.133333333333333
texas,2011,7.758333333333334
texas,2012,6.741666666666667
texas,2013,6.25
texas,2014,5.108333333333333
texas,2015,4.425
texas,2016,4.641666666666667
texas,2017,4.258333333333334
texas,2018,3.9166666666666665
utah,1976,5.566666666666666
utah,1977,5.125
utah,1978,3.7916666666666665
utah,1979,4.333333333333333
utah,1980,6.2
utah,1981,6.566666666666666
utah,1982,8.191666666666666
utah,1983,8.725
utah,1984,6.4750000000000005
utah,1985,6.0249999999999995
utah,1986,6.108333333333333
utah,1987,6.2250000000000005
utah,1988,4.958333333333333
utah,1989,4.533333333333333
utah,1990,4.408333333333333
utah,1991,4.708333333333333
utah,1992,4.833333333333333
utah,1993,4.083333333333333
utah,1994,3.7916666666666665
utah,1995,3.5
utah,1996,3.3499999999999996
utah,1997,3.1916666666666664
utah,1998,3.6500000000000004
utah,1999,3.566666666666667
utah,2000,3.35
utah,2001,4.408333333333333
utah,2002,5.791666666666667
utah,2003,5.6499999999999995
utah,2004,4.966666666666667
utah,2005,4.075
utah,2006,2.983333333333333
utah,2007,2.591666666666667
utah,2008,3.5833333333333335
utah,2009,7.316666666666666
utah,2010,7.833333333333333
utah,2011,6.75
utah,2012,5.3999999999999995
utah,2013,4.591666666666667
utah,2014,3.8249999999999997
utah,2015,3.6
utah,2016,3.4416666666666664
utah,2017,3.2583333333333333
utah,2018,3.1166666666666667
vermont,1976,8.325
vermont,1977,6.983333333333333
vermont,1978,5.6000000000000005
vermont,1979,5.141666666666667
vermont,1980,6.183333333333334
vermont,1981,5.833333333333333
vermont,1982,6.983333333333333
vermont,1983,6.433333333333334
vermont,1984,5.066666666666666
vermont,1985,4.783333333333333
vermont,1986,4.266666666666667
vermont,1987,3.5666666666666664
vermont,1988,2.9916666666666667
vermont,1989,3.5749999999999997
vermont,1990,5.0
vermont,1991,6.566666666666666
vermont,1992,6.108333333333333
vermont,1993,5.158333333333333
vermont,1994,4.566666666666666
vermont,1995,4.258333333333334
vermont,1996,4.2749999999999995
vermont,1997,3.9166666666666665
vermont,1998,3.4
vermont,1999,2.9499999999999997
vermont,2000,2.8000000000000003
vermont,2001,3.3083333333333336
vermont,2002,3.9916666666666667
vermont,2003,4.3
vermont,2004,3.6666666666666665
vermont,2005,3.4916666666666667
vermont,2006,3.6833333333333336
vermont,2007,4.0249999999999995
vermont,2008,4.708333333333333
vermont,2009,6.566666666666666
vermont,2010,6.083333333333333
vermont,2011,5.466666666666666
vermont,2012,4.925
vermont,2013,4.408333333333333
vermont,2014,3.9499999999999997
vermont,2015,3.5749999999999997
vermont,2016,3.2416666666666667
vermont,2017,3.0083333333333333
vermont,2018,2.8000000000000003
virginia,1976,5.825
virginia,1977,5.4750000000000005
virginia,1978,5.291666666666667
virginia,1979,4.725
virginia,1980,5.175
virginia,1981,5.983333333333333
virginia,1982,7.45
virginia,1983,6.466666666666666
virginia,1984,5.083333333333333
virginia,1985,5.483333333333333
virginia,1986,5.041666666666667
virginia,1987,4.283333333333333
virginia,1988,3.9416666666666664
virginia,1989,3.891666666666666
virginia,1990,4.45
virginia,1991,5.908333333333334
virginia,1992,6.266666666666667
virginia,1993,5.258333333333334
virginia,1994,4.841666666666667
virginia,1995,4.5249999999999995
virginia,1996,4.433333333333334
virginia,1997,3.841666666666667
virginia,1998,2.9
virginia,1999,2.75
virginia,2000,2.3000000000000003
virginia,2001,3.233333333333333
virginia,2002,4.2250000000000005
virginia,2003,4.125
virginia,2004,3.8000000000000003
virginia,2005,3.5749999999999997
virginia,2006,3.1166666666666667
virginia,2007,3.0416666666666665
virginia,2008,3.9583333333333335
virginia,2009,6.683333333333334
virginia,2010,7.125
virginia,2011,6.591666666666666
virginia,2012,6.058333333333334
virginia,2013,5.7
virginia,2014,5.233333333333333
virginia,2015,4.458333333333333
virginia,2016,4.091666666666667
virginia,2017,3.75
virginia,2018,3.141666666666667
washington,1976,8.875
washington,1977,8.466666666666667
washington,1978,6.833333333333333
washington,1979,6.675
washington,1980,8.066666666666666
washington,1981,9.558333333333334
washington,1982,11.933333333333332
washington,1983,11.125
washington,1984,9.283333333333333
washington,1985,8.35
washington,1986,8.125
washington,1987,7.333333333333333
washington,1988,6.316666666666666
washington,1989,5.866666666666667
washington,1990,5.266666666666667
washington,1991,6.3500000000000005
washington,1992,7.341666666666666
washington,1993,7.3500000000000005
washington,1994,6.533333333333334
washington,1995,6.425
washington,1996,6.05
washington,1997,4.941666666666666
washington,1998,4.7749999999999995
washington,1999,4.883333333333334
washington,2000,5.158333333333333
washington,2001,6.291666666666667
washington,2002,7.383333333333333
washington,2003,7.416666666666667
washington,2004,6.258333333333333
washington,2005,5.541666666666667
washington,2006,5.05
washington,2007,4.691666666666666
washington,2008,5.408333333333334
washington,2009,9.116666666666667
washington,2010,9.991666666666667
washington,2011,9.275
washington,2012,8.108333333333333
washington,2013,7.033333333333334
washington,2014,6.125
washington,2015,5.641666666666667
washington,2016,5.2749999999999995
washington,2017,4.7749999999999995
washington,2018,4.558333333333334
west virginia,1976,7.325
west virginia,1977,6.883333333333334
west virginia,1978,6.175
west virginia,1979,6.916666666666667
west virginia,1980,9.466666666666667
west virginia,1981,10.566666666666666
west virginia,1982,13.983333333333334
west virginia,1983,17.791666666666668
west virginia,1984,14.758333333333333
west virginia,1985,13.15
west virginia,1986,11.808333333333332
west virginia,1987,10.816666666666668
west virginia,1988,9.833333333333334
west virginia,1989,8.616666666666667
west virginia,1990,8.466666666666667
west virginia,1991,10.666666666666666
west virginia,1992,11.316666666666668
west virginia,1993,10.641666666666667
west virginia,1994,8.825000000000001
west virginia,1995,7.875
west virginia,1996,7.483333333333333
west virginia,1997,6.8500000000000005
west virginia,1998,6.616666666666667
west virginia,1999,6.45
west virginia,2000,5.483333333333333
west virginia,2001,5.0249999999999995
west virginia,2002,5.916666666666667
west virginia,2003,6.041666666666667
west virginia,2004,5.316666666666666
west virginia,2005,5.1
west virginia,2006,4.95
west virginia,2007,4.558333333333334
west virginia,2008,4.366666666666666
west virginia,2009,7.708333333333333
west virginia,2010,8.625
west virginia,2011,8.058333333333334
west virginia,2012,7.491666666666667
west virginia,2013,6.791666666666667
west virginia,2014,6.641666666666667
west virginia,2015,6.75
west virginia,2016,6.083333333333333
west virginia,2017,5.183333333333334
west virginia,2018,5.308333333333334
wisconsin,1976,5.516666666666667
wisconsin,1977,5.116666666666666
wisconsin,1978,4.966666666666667
wisconsin,1979,4.591666666666667
wisconsin,1980,7.233333333333333
wisconsin,1981,8.008333333333333
wisconsin,1982,10.541666666666666
wisconsin,1983,10.216666666666667
wisconsin,1984,7.3999999999999995
wisconsin,1985,7.166666666666667
wisconsin,1986,6.966666666666666
wisconsin,1987,5.883333333333333
wisconsin,1988,4.408333333333333
wisconsin,1989,4.333333333333333
wisconsin,1990,4.383333333333334
wisconsin,1991,5.4750000000000005
wisconsin,1992,5.116666666666666
wisconsin,1993,4.783333333333333
wisconsin,1994,4.483333333333333
wisconsin,1995,3.775
wisconsin,1996,3.625
wisconsin,1997,3.5500000000000003
wisconsin,1998,3.358333333333333
wisconsin,1999,3.125
wisconsin,2000,3.5416666666666665
wisconsin,2001,4.5249999999999995
wisconsin,2002,5.383333333333333
wisconsin,2003,5.7
wisconsin,2004,5.0249999999999995
wisconsin,2005,4.716666666666667
wisconsin,2006,4.741666666666666
wisconsin,2007,4.891666666666667
wisconsin,2008,4.925
wisconsin,2009,8.575000000000001
wisconsin,2010,8.641666666666667
wisconsin,2011,7.758333333333333
wisconsin,2012,7.033333333333334
wisconsin,2013,6.7
wisconsin,2014,5.416666666666667
wisconsin,2015,4.5249999999999995
wisconsin,2016,4.008333333333334
wisconsin,2017,3.3000000000000003
wisconsin,2018,2.9416666666666664
wyoming,1976,3.9666666666666663
wyoming,1977,3.3833333333333333
wyoming,1978,3.0083333333333333
wyoming,1979,2.7583333333333333
wyoming,1980,3.8666666666666667
wyoming,1981,4.075
wyoming,1982,6.233333333333333
wyoming,1983,8.125
wyoming,1984,6.233333333333333
wyoming,1985,6.883333333333333
wyoming,1986,8.883333333333333
wyoming,1987,8.008333333333333
wyoming,1988,6.433333333333334
wyoming,1989,6.116666666666667
wyoming,1990,5.325
wyoming,1991,5.241666666666666
wyoming,1992,5.575
wyoming,1993,5.375
wyoming,1994,4.958333333333333
wyoming,1995,4.7749999999999995
wyoming,1996,4.941666666666666
wyoming,1997,4.758333333333334
wyoming,1998,4.7
wyoming,1999,4.616666666666666
wyoming,2000,3.8833333333333333
wyoming,2001,3.7999999999999994
wyoming,2002,4.033333333333333
wyoming,2003,4.266666666666667
wyoming,2004,3.8166666666666664
wyoming,2005,3.5749999999999997
wyoming,2006,3.1750000000000003
wyoming,2007,2.8499999999999996
wyoming,2008,3.0666666666666664
wyoming,2009,6.333333333333333
wyoming,2010,6.45
wyoming,2011,5.791666666666667
wyoming,2012,5.308333333333334
wyoming,2013,4.716666666666667
wyoming,2014,4.133333333333334
wyoming,2015,4.316666666666666
wyoming,2016,5.2749999999999995
wyoming,2017,4.191666666666666
wyoming,2018,3.9416666666666664
